{
	"version": "Sample 1.0.0",
	"model": "moc/Epsilon2.1.moc",
	"textures": ["moc/Epsilon2.1.2048/texture_00.png"],
	"layout": {
		"center_x": 0,
		"y": 1,
		"width": 2.5
	},
	"expressions": [{
		"name": "f04.exp.json",
		"file": "exp/f04.exp.json"
	}, {
		"name": "f05.exp.json",
		"file": "exp/f05.exp.json"
	}, {
		"name": "f06.exp.json",
		"file": "exp/f06.exp.json"
	}, {
		"name": "f07.exp.json",
		"file": "exp/f07.exp.json"
	}, {
		"name": "f08.exp.json",
		"file": "exp/f08.exp.json"
	}, {
		"name": "f01.exp.json",
		"file": "exp/f01.exp.json"
	}, {
		"name": "f02.exp.json",
		"file": "exp/f02.exp.json"
	}, {
		"name": "f03.exp.json",
		"file": "exp/f03.exp.json"
	}],
	"motions": {
		"": [{
			"file": "mtn/Epsilon2.1_m_01.mtn"
		}, {
			"file": "mtn/Epsilon2.1_m_02.mtn"
		}, {
			"file": "mtn/Epsilon2.1_m_03.mtn"
		}, {
			"file": "mtn/Epsilon2.1_m_04.mtn"
		}, {
			"file": "mtn/Epsilon2.1_m_05.mtn"
		}, {
			"file": "mtn/Epsilon2.1_m_06.mtn"
		}, {
			"file": "mtn/Epsilon2.1_m_07.mtn"
		}, {
			"file": "mtn/Epsilon2.1_m_08.mtn"
		}, {
			"file": "mtn/Epsilon2.1_m_sp_01.mtn"
		}, {
			"file": "mtn/Epsilon2.1_m_sp_02.mtn"
		}, {
			"file": "mtn/Epsilon2.1_m_sp_03.mtn"
		}, {
			"file": "mtn/Epsilon2.1_m_sp_04.mtn"
		}, {
			"file": "mtn/Epsilon2.1_m_sp_05.mtn"
		}, {
			"file": "mtn/Epsilon2.1_shake_01.mtn"
		}],
		"idle": [{
			"file": "mtn/Epsilon2.1_idle_01.mtn"
		}]
	},
	"physics": "Epsilon2.1.physics.json"
}
