{
	"type":"Live2D Pose",
	"parts_visible":[
		{
			"group":[
				{
					"id":"PARTS_01_UNIFORM_01_ARM_L_A",
					"link":[
						"PARTS_01_CLOTHE_02_ARM_L_A",
						"PARTS_01_CLOTHE_01_ARM_L_A"
					]
				},
				{
					"id":"PARTS_01_UNIFORM_01_ARM_L_C",
					"link":[
						"PARTS_01_CLOTHE_01_ARM_L_C",
						"PARTS_01_CLOTHE_02_ARM_L_C"
					]
				}
			]
		},
		{
			"group":[
				{
					"id":"PARTS_01_UNIFORM_01_ARM_R_A",
					"link":[
						"PARTS_01_CLOTHE_01_ARM_R_A",
						"PARTS_01_CLOTHE_02_ARM_R_A"
					]
				},
				{
					"id":"PARTS_01_UNIFORM_01_ARM_R_B",
					"link":[
						"PARTS_01_CLOTHE_02_ARM_R_B",
						"PARTS_01_CLOTHE_01_ARM_R_B"
					]
				},
				{
					"id":"PARTS_01_UNIFORM_01_ARM_R_C",
					"link":[
						"PARTS_01_CLOTHE_02_ARM_R_C",
						"PARTS_01_CLOTHE_01_ARM_R_C"
					]
				}
			]
		}
	]
}