{
	"type":"Live2D Expression",
	"fade_in":500,
	"fade_out":500,
	"params":[
		{"id":"PARAM_EYE_L_OPEN","val":0.9,"def":1},
		{"id":"PARAM_EYE_R_OPEN","val":0.9,"def":1},
		{"id":"PARAM_EYE_FORM","val":-1},
		{"id":"PARAM_BROW_L_Y","val":-0.98},
		{"id":"PARAM_BROW_R_Y","val":-0.96},
		{"id":"PARAM_BROW_L_X","val":-0.22},
		{"id":"PARAM_BROW_R_X","val":-0.59},
		{"id":"PARAM_BROW_L_ANGLE","val":-0.62},
		{"id":"PARAM_BROW_R_ANGLE","val":-0.71},
		{"id":"PARAM_BROW_L_FORM","val":-2},
		{"id":"PARAM_BROW_R_FORM","val":-2},
		{"id":"PARAM_MOUTH_FORM","val":1}
	]
}