{
	"type":"Live2D Physics",
	"physics_hair":[
		{
			"label":"hair",
			"setup":{
				"length":0.17,
				"regist":0.6,
				"mass":0.1
			},
			"src":[
				{
					"id":"PARAM_ANGLE_X",
					"ptype":"x",
					"scale":0.005,
					"weight":1
				},
				{
					"id":"PARAM_ANGLE_Z",
					"ptype":"angle",
					"scale":0.8,
					"weight":1
				}
			],
			"targets":[
				{
					"id":"PARAM_HAIR_FRONT",
					"ptype":"angle",
					"scale":0.015,
					"weight":1
				},
				{
					"id":"PARAM_HAIR_SIDE",
					"ptype":"angle",
					"scale":0.018,
					"weight":1
				},
				{
					"id":"PARAM_HAIR_BACK",
					"ptype":"angle",
					"scale":0.02,
					"weight":1
				}
			]
		},
		{
			"label":"lase",
			"setup":{
				"length":0.2,
				"regist":0.3,
				"mass":0.05
			},
			"src":[
				{
					"id":"PARAM_BODY_ANGLE_X",
					"ptype":"x",
					"scale":0.01,
					"weight":1
				},
				{
					"id":"PARAM_ANGLE_Z",
					"ptype":"angle",
					"scale":0.01,
					"weight":1
				}
			],
			"targets":[
				{
					"id":"PARAM_Lace",
					"ptype":"angle",
					"scale":0.06,
					"weight":1
				},
				{
					"id":"PARAM_S1",
					"ptype":"angle",
					"scale":0.025,
					"weight":1
				},
				{
					"id":"PARAM_S",
					"ptype":"angle",
					"scale":0.04,
					"weight":0.5
				},
				{
					"id":"PARAM_L_Arm0D",
					"ptype":"angle",
					"scale":0.025,
					"weight":10
				}
			]
		}
	]
}