{
	"type":"Live2D Expression",
	"fade_in":500,
	"fade_out":500,
	"params":[
		{"id":"PARAM_EYE_L_OPEN","val":0.9,"def":1},
		{"id":"PARAM_EYE_R_OPEN","val":0.9,"def":1},
		{"id":"PARAM_BROW_L_Y","val":0.38},
		{"id":"PARAM_BROW_R_Y","val":0.36},
		{"id":"PARAM_BROW_L_X","val":0.07},
		{"id":"PARAM_BROW_R_X","val":0.08},
		{"id":"PARAM_BROW_L_ANGLE","val":0.37},
		{"id":"PARAM_BROW_R_ANGLE","val":0.28},
		{"id":"PARAM_BROW_L_FORM","val":0.7},
		{"id":"PARAM_BROW_R_FORM","val":0.7},
		{"id":"PARAM_CHEEK","val":1.5},
		{"id":"PARAM_SWEAT","val":-2}
	]
}