{
	"type":"Live2D Physics",
	"physics_hair":[
		{
			"label":"HAIR FRONT",
			"setup":{
				"length":0.1,
				"regist":0.5,
				"mass":0.12
			},
			"src":[
				{
					"id":"PARAM_ANGLE_X",
					"ptype":"x",
					"scale":0.009,
					"weight":0.7
				}
			],
			"targets":[
				{
					"id":"PARAM_HAIR_FRONT_00",
					"ptype":"angle",
					"scale":0.022,
					"weight":0.7
				}
			]
		},
		{
			"label":"HAIR SIDE L",
			"setup":{
				"length":0.12,
				"regist":0.47,
				"mass":0.15
			},
			"src":[
				{
					"id":"PARAM_ANGLE_X",
					"ptype":"x",
					"scale":0.007,
					"weight":0.5
				}
			],
			"targets":[
				{
					"id":"PARAM_HAIR_SIDE_00",
					"ptype":"angle",
					"scale":0.022,
					"weight":0.5
				}
			]
		},
		{
			"label":"HAIR SIDE R",
			"setup":{
				"length":0.11,
				"regist":0.47,
				"mass":0.14
			},
			"src":[
				{
					"id":"PARAM_ANGLE_X",
					"ptype":"x",
					"scale":0.008,
					"weight":0.5
				}
			],
			"targets":[
				{
					"id":"PARAM_HAIR_SIDE_01",
					"ptype":"angle",
					"scale":0.022,
					"weight":0.5
				}
			]
		},
		{
			"label":"HAIR FRONT 01",
			"setup":{
				"length":0.11,
				"regist":0.5,
				"mass":0.14
			},
			"src":[
				{
					"id":"PARAM_ANGLE_X",
					"ptype":"x",
					"scale":0.007,
					"weight":0.7
				}
			],
			"targets":[
				{
					"id":"PARAM_HAIR_FRONT_01",
					"ptype":"angle",
					"scale":0.022,
					"weight":0.7
				}
			]
		},
		{
			"label":"BUST 00",
			"setup":{
				"length":0.16,
				"regist":0.5,
				"mass":0.17
			},
			"src":[
				{
					"id":"PARAM_BODY_ANGLE_X",
					"ptype":"x",
					"scale":0.007,
					"weight":0.7
				}
			],
			"targets":[
				{
					"id":"PARAM_CLOTHES_A",
					"ptype":"angle",
					"scale":0.022,
					"weight":0.7
				}
			]
		},
		{
			"label":"BUST 01",
			"setup":{
				"length":0.16,
				"regist":0.5,
				"mass":0.19
			},
			"src":[
				{
					"id":"PARAM_BODY_ANGLE_X",
					"ptype":"x",
					"scale":0.009,
					"weight":0.7
				}
			],
			"targets":[
				{
					"id":"PARAM_CLOTHES_B",
					"ptype":"angle",
					"scale":0.022,
					"weight":0.7
				}
			]
		},
		{
			"label":"BUST 02",
			"setup":{
				"length":0.16,
				"regist":0.5,
				"mass":0.18
			},
			"src":[
				{
					"id":"PARAM_BODY_ANGLE_X",
					"ptype":"x",
					"scale":0.007,
					"weight":0.7
				}
			],
			"targets":[
				{
					"id":"PARAM_CLOTHES_C",
					"ptype":"angle",
					"scale":0.022,
					"weight":0.7
				}
			]
		},
		{
			"label":"HAIR FRONT 03",
			"setup":{
				"length":0.12,
				"regist":0.5,
				"mass":0.14
			},
			"src":[
				{
					"id":"PARAM_ANGLE_X",
					"ptype":"x",
					"scale":0.009,
					"weight":0.7
				}
			],
			"targets":[
				{
					"id":"PARAM_HAIR_FRONT_03",
					"ptype":"angle",
					"scale":0.022,
					"weight":0.7
				}
			]
		},
		{
			"label":"HAIR BACK 01",
			"setup":{
				"length":0.11,
				"regist":0.5,
				"mass":0.14
			},
			"src":[
				{
					"id":"PARAM_ANGLE_X",
					"ptype":"x",
					"scale":0.003,
					"weight":0.7
				}
			],
			"targets":[
				{
					"id":"PARAM_HAIR_BACK_01",
					"ptype":"angle",
					"scale":0.022,
					"weight":0.7
				}
			]
		},
		{
			"label":"HAIR BACK 02",
			"setup":{
				"length":0.12,
				"regist":0.5,
				"mass":0.16
			},
			"src":[
				{
					"id":"PARAM_ANGLE_X",
					"ptype":"x",
					"scale":0.003,
					"weight":0.7
				}
			],
			"targets":[
				{
					"id":"PARAM_HAIR_BACK_02",
					"ptype":"angle",
					"scale":0.022,
					"weight":0.7
				}
			]
		},
		{
			"label":"HAIR BACK 01 1",
			"setup":{
				"length":0.15,
				"regist":0.5,
				"mass":0.16
			},
			"src":[
				{
					"id":"PARAM_ANGLE_X",
					"ptype":"x",
					"scale":0.002,
					"weight":0.7
				}
			],
			"targets":[
				{
					"id":"PARAM_HAIR_BACK_01_1",
					"ptype":"angle",
					"scale":0.022,
					"weight":0.7
				}
			]
		},
		{
			"label":"HAIR BACK 02 1",
			"setup":{
				"length":0.14,
				"regist":0.5,
				"mass":0.16
			},
			"src":[
				{
					"id":"PARAM_ANGLE_X",
					"ptype":"x",
					"scale":0.002,
					"weight":0.7
				}
			],
			"targets":[
				{
					"id":"PARAM_HAIR_BACK_02_1",
					"ptype":"angle",
					"scale":0.022,
					"weight":0.7
				}
			]
		}
	]
}