{
	"version":"Sample 1.0.0",
	"model":"shifuku.moc",
	"textures":[
		"shifuku.1024/L2DOTH_S_00.png",
		"shifuku.1024/L2DOTH_S_01.png",
		"shifuku.1024/L2DOTH_S_02.png"
	],
	"motions":{
		"idle":[
			{
				"file":"shifuku.motions/motion1.mtn"
			},
			{
				"file":"shifuku.motions/motion7.mtn"
			}
		],
		"tap":[
			{
				"file":"shifuku.motions/motion10.mtn"
			},
			{
				"file":"shifuku.motions/motion11.mtn"
			},
			{
				"file":"shifuku.motions/motion12.mtn"
			},
			{
				"file":"shifuku.motions/motion13.mtn"
			},
			{
				"file":"shifuku.motions/motion14.mtn"
			},
			{
				"file":"shifuku.motions/motion15.mtn"
			},
			{
				"file":"shifuku.motions/motion2.mtn"
			},
			{
				"file":"shifuku.motions/motion3.mtn"
			},
			{
				"file":"shifuku.motions/motion4.mtn"
			},
			{
				"file":"shifuku.motions/motion5.mtn"
			},
			{
				"file":"shifuku.motions/motion6.mtn"
			},
			{
				"file":"shifuku.motions/motion8.mtn"
			},
			{
				"file":"shifuku.motions/motion9.mtn"
			}
		]
	},
	"expressions":[
		{"name":"f01.exp.json","file":"expressions/f01.exp.json"},
		{"name":"f02.exp.json","file":"expressions/f02.exp.json"},
		{"name":"f03.exp.json","file":"expressions/f03.exp.json"},
		{"name":"f04.exp.json","file":"expressions/f04.exp.json"},
		{"name":"f05.exp.json","file":"expressions/f05.exp.json"},
		{"name":"f06.exp.json","file":"expressions/f06.exp.json"},
		{"name":"f07.exp.json","file":"expressions/f07.exp.json"},
		{"name":"f08.exp.json","file":"expressions/f08.exp.json"}
	],
	"physics":"physics.json",
	"pose":"shifuku.pose.json"
}