{
	"type":"Live2D Expression",
	"fade_in":500,
	"fade_out":500,
	"params":[
		{"id":"PARAM_EYE_L_OPEN","val":1.07,"def":1},
		{"id":"PARAM_EYE_R_OPEN","val":1.07,"def":1},
		{"id":"PARAM_EYE_FORM","val":0.68},
		{"id":"PARAM_BROW_L_Y","val":0.65},
		{"id":"PARAM_BROW_R_Y","val":0.65},
		{"id":"PARAM_BROW_L_X","val":-0.17},
		{"id":"PARAM_BROW_R_X","val":-0.17},
		{"id":"PARAM_BROW_L_ANGLE","val":0.32},
		{"id":"PARAM_BROW_R_ANGLE","val":0.31},
		{"id":"PARAM_BROW_L_FORM","val":-0.45},
		{"id":"PARAM_BROW_R_FORM","val":-0.46},
		{"id":"PARAM_MOUTH_FORM","val":-1.34},
		{"id":"PARAM_CHEEK","val":1}
	]
}