{
	"type":"Live2D Expression",
	"fade_in":500,
	"fade_out":500,
	"params":[
		{"id":"PARAM_EYE_L_OPEN","val":1.05,"def":1},
		{"id":"PARAM_EYE_R_OPEN","val":1.05,"def":1},
		{"id":"PARAM_EYE_FORM","val":0.62},
		{"id":"PARAM_BROW_L_Y","val":1},
		{"id":"PARAM_BROW_R_Y","val":1},
		{"id":"PARAM_BROW_L_ANGLE","val":0.65},
		{"id":"PARAM_BROW_R_ANGLE","val":0.65},
		{"id":"PARAM_BROW_L_FORM","val":-0.55},
		{"id":"PARAM_BROW_R_FORM","val":-0.55},
		{"id":"PARAM_MOUTH_FORM","val":0.5},
		{"id":"PARAM_SWEAT","val":1}
	]
}