{
	"type":"Live2D Expression",
	"fade_in":500,
	"fade_out":500,
	"params":[
		{"id":"PARAM_EYE_L_OPEN","val":1.3,"def":1},
		{"id":"PARAM_EYE_R_OPEN","val":1.3,"def":1},
		{"id":"PARAM_EYE_BALL_FORM","val":-1},
		{"id":"PARAM_BROW_L_Y","val":1},
		{"id":"PARAM_BROW_R_Y","val":1},
		{"id":"PARAM_BROW_L_X","val":0.45},
		{"id":"PARAM_BROW_R_X","val":0.45},
		{"id":"PARAM_BROW_L_ANGLE","val":-0.26},
		{"id":"PARAM_BROW_R_ANGLE","val":-0.26},
		{"id":"PARAM_BROW_L_FORM","val":0.75},
		{"id":"PARAM_BROW_R_FORM","val":0.75},
		{"id":"PARAM_MOUTH_FORM","val":-2},
		{"id":"PARAM_SWEAT","val":1}
	]
}