{
	"version":"Sample 1.0.0",
	"model":"shifuku.moc",
	"textures":[
		"shifuku.1024/L2DMSR_S_00.png",
		"shifuku.1024/L2DMSR_S_01.png",
		"shifuku.1024/L2DMSR_S_02.png",
		"shifuku.1024/L2DMSR_S_03.png"
	],
	"lip_sync": "false",
	"layout": {
		"center_x":0.0,
        "center_y":-0.05,
        "width":2.0
	},
	"hit_areas_custom":{
        "head_x":[-0.3, 1.12],
        "head_y":[0.26, 0.56],
        "body_x":[-0.41, 0.58],
        "body_y":[0.46, -1.12]
    },
	"motions":{
		"flick_head":[
			{
				"file":"shifuku.motions/motion1.mtn"
			},
			{
				"file":"shifuku.motions/motion10.mtn"
			},
			{
				"file":"shifuku.motions/motion11.mtn"
			},
			{
				"file":"shifuku.motions/motion12.mtn"
			},
			{
				"file":"shifuku.motions/motion2.mtn"
			},
			{
				"file":"shifuku.motions/motion4.mtn"
			},
			{
				"file":"shifuku.motions/motion5.mtn"
			},
			{
				"file":"shifuku.motions/motion6.mtn"
			},
			{
				"file":"shifuku.motions/motion7.mtn"
			},
			{
				"file":"shifuku.motions/motion8.mtn"
			}
		],
		"tap_body":[
			{
				"file":"shifuku.motions/motion1.mtn"
			},
			{
				"file":"shifuku.motions/motion10.mtn"
			},
			{
				"file":"shifuku.motions/motion11.mtn"
			},
			{
				"file":"shifuku.motions/motion12.mtn"
			},
			{
				"file":"shifuku.motions/motion2.mtn"
			},
			{
				"file":"shifuku.motions/motion4.mtn"
			},
			{
				"file":"shifuku.motions/motion5.mtn"
			},
			{
				"file":"shifuku.motions/motion6.mtn"
			},
			{
				"file":"shifuku.motions/motion7.mtn"
			},
			{
				"file":"shifuku.motions/motion8.mtn"
			}
		],
		"talk":[
			{
				"file":"talk/DK_NOZOMU_0041.mtn"
			},
			{
				"file":"talk/DK_NOZOMU_0061.mtn"
			},
			{
				"file":"talk/DK_NOZOMU_0067.mtn"
			}
		],
		"idle":[
			{
				"file":"shifuku.motions/motion3.mtn"
			},
			{
				"file":"shifuku.motions/motion9.mtn"
			}
		]
	},
	"expressions":[
		{"name":"f01.exp.json","file":"expressions/f01.exp.json"},
		{"name":"f02.exp.json","file":"expressions/f02.exp.json"},
		{"name":"f03.exp.json","file":"expressions/f03.exp.json"},
		{"name":"f04.exp.json","file":"expressions/f04.exp.json"},
		{"name":"f05.exp.json","file":"expressions/f05.exp.json"},
		{"name":"f06.exp.json","file":"expressions/f06.exp.json"},
		{"name":"f07.exp.json","file":"expressions/f07.exp.json"},
		{"name":"f08.exp.json","file":"expressions/f08.exp.json"}
	],
	"physics":"physics.json",
	"pose":"shifuku.pose.json"
}