{
	"version":"Sample 1.0.0",
	"model":"model.moc",
	"textures":[
		"model.1024/texture_00.png"
	],
	"layout": {
	  "center_x": 0.0,
	  "center_y": -1.3,
	  "width": 3
	},
	"motions":{
		"idle":[
			{"file":"motions/daiji_idle_01.mtn"}
		],
		"":[
			{"file":"motions/touch_1.mtn"},
			{"file":"motions/touch_2.mtn"},
			{"file":"motions/touch_3.mtn"},
			{"file":"motions/touch_4.mtn"},
			{"file":"motions/touch_5.mtn"},
			{"file":"motions/shake.mtn"},
			{"file":"motions/christmas.mtn"},
			{"file":"motions/wedding_touch.mtn"},
			{"file":"motions/login.mtn"},
			{"file":"motions/wedding.mtn"},
			{"file":"motions/bonus.mtn"},
			{"file":"motions/wait_1.mtn"},
			{"file":"motions/wait_2.mtn"}
		]
	},

    "hit_areas":[
			{"name":"head","id":"D_REF_HEAD"},
			{"name":"leg","id":"D_REF_LEG"},
			{"name":"body","id":"D_REF_BODY"}
	]
}