{
	"version":"Sample 1.0.0",
	"model":"moc/tsumiki.moc",
	"textures":[
		"moc/tsumiki.2048/texture_00.png",
		"moc/tsumiki.2048/texture_01.png"
	],
	"layout": {
	  "center_x": 0.0,
	  "center_y": -1.3,
	  "width": 3
	},
	"expressions":[
		{"name":"F01.exp.json","file":"exp/F01.exp.json"},
		{"name":"F02.exp.json","file":"exp/F02.exp.json"},
		{"name":"F03.exp.json","file":"exp/F03.exp.json"},
		{"name":"F04.exp.json","file":"exp/F04.exp.json"},
		{"name":"F05.exp.json","file":"exp/F05.exp.json"},
		{"name":"F06.exp.json","file":"exp/F06.exp.json"},
		{"name":"F07.exp.json","file":"exp/F07.exp.json"},
		{"name":"F08.exp.json","file":"exp/F08.exp.json"},
		{"name":"F09.exp.json","file":"exp/F09.exp.json"},
		{"name":"F10.exp.json","file":"exp/F10.exp.json"}
	],
	"motions":{
		"tap":[
			{"file":"mtn/P01.mtn"},
			{"file":"mtn/tsumiki_m_01.mtn"},
			{"file":"mtn/tsumiki_m_01_df.mtn"},
			{"file":"mtn/tsumiki_m_02.mtn"},
			{"file":"mtn/tsumiki_m_03.mtn"},
			{"file":"mtn/tsumiki_m_04.mtn"},
			{"file":"mtn/tsumiki_m_05.mtn"},
			{"file":"mtn/tsumiki_m_06.mtn"},
			{"file":"mtn/tsumiki_m_07.mtn"},
			{"file":"mtn/tsumiki_m_08.mtn"},
			{"file":"mtn/tsumiki_m_09.mtn"},
			{"file":"mtn/tsumiki_m_10.mtn"},
			{"file":"mtn/tsumiki_m_11.mtn"},
			{"file":"mtn/tsumiki_m_12.mtn"},
			{"file":"mtn/tsumiki_m_13.mtn"},
			{"file":"mtn/tsumiki_m_14.mtn"},
			{"file":"mtn/tsumiki_m_15.mtn"},
			{"file":"mtn/tsumiki_m_16.mtn"},
			{"file":"mtn/tsumiki_m_17.mtn"},
			{"file":"mtn/tsumiki_m_18.mtn"},
			{"file":"mtn/tsumiki_m_19.mtn"},
			{"file":"mtn/tsumiki_m_20.mtn"},
			{"file":"mtn/tsumiki_m_21.mtn"},
			{"file":"mtn/tsumiki_m_22.mtn"},
			{"file":"mtn/tsumiki_m_24.mtn"},
			{"file":"mtn/tsumiki_m_23.mtn"}
		],
		"idle":[
			{"file":"mtn/tsumiki_idle_01.mtn"}
		]
	},
	"physics":"tsumiki.physics.json"
}